Name,Age,Place,Occupation
Emma Johnson,45,"Paris, France",Software Developer
Noah Smith,22,"Tokyo, Japan",Nurse
Olivia Williams,51,"New York City, USA",Teacher
Liam Brown,18,"Sydney, Australia",Electrician
Ava Jones,34,"Rio de Janeiro, Brazil",Chef
Elijah Garcia,57,"London, England",Lawyer
Sophia Miller,26,"Cape Town, South Africa",Accountant
Lucas Martinez,12,"Cairo, Egypt",Police Officer
Mia Rodriguez,41,"Rome, Italy",Graphic Designer
Mason Davis,30,"Beijing, China",Carpenter
Isabella Hernandez,50,"Moscow, Russia",Doctor
James Lopez,20,"Buenos Aires, Argentina",Sales Manager
Amelia Wilson,48,"Bangkok, Thailand",Marketing Specialist
Benjamin Anderson,16,"Dubai, UAE",Mechanic
Charlotte Thomas,38,"Madrid, Spain",Librarian
Ethan Taylor,54,"Athens, Greece",Pharmacist
Harper Lee,29,"Nairobi, Kenya",Web Designer
Alexander Moore,25,"Los Angeles, USA",Civil Engineer
Evelyn Jackson,13,"Toronto, Canada",Psychologist
Jacob Martin,44,"Berlin, Germany",Financial Analyst
Abigail Thompson,33,"Mumbai, India",Photographer
Michael White,59,"Mexico City, Mexico",Journalist
Ella Harris,27,"Istanbul, Turkey",Architect
Daniel Lewis,11,"Kuala Lumpur, Malaysia",Veterinarian
Scarlett Young,49,"Johannesburg, South Africa",Social Worker
Henry Hall,19,"Amsterdam, Netherlands",Real Estate Agent
Grace King,36,"Dublin, Ireland",Flight Attendant
Matthew Wright,55,"Lisbon, Portugal",Human Resources Manager
Chloe Scott,24,"Singapore, Singapore",Electrician
Aiden Green,14,"Vienna, Austria",Plumber
Victoria Adams,47,"Seoul, South Korea",Paramedic
Samuel Nelson,17,"Jakarta, Indonesia",Dentist
Lily Carter,35,"Lima, Peru",Retail Sales Associate
David Mitchell,53,"Helsinki, Finland",Event Planner
Zoey Perez,21,"Stockholm, Sweden",Firefighter
Joseph Roberts,28,"Oslo, Norway",Data Analyst
Aria Turner,15,"Zurich, Switzerland",Personal Trainer
John Phillips,46,"Copenhagen, Denmark",Barista
Layla Campbell,32,"Prague, Czech Republic",Construction Worker
William Parker,58,"Warsaw, Poland",Executive Assistant
Mila Evans,23,"Budapest, Hungary",Hairdresser
Alexander Edwards,10,"Brussels, Belgium",Biologist
Nora Collins,40,"Sao Paulo, Brazil",Software Engineer
Oliver Stewart,31,"Santiago, Chile",Artist
Aurora Morris,56,"Caracas, Venezuela",Pilot
Christopher Nguyen,37,"Bogota, Colombia",Translator
Ellie Reed,52,"Reykjavik, Iceland",Fitness Instructor
Sebastian Cook,39,"Ankara, Turkey",Security Guard
Hannah Rivera,43,"Wellington, New Zealand",Customer Service Representative
Jack Murphy,60,"Manama, Bahrain",Landscaper
